id,first_name,last_name,date_of_birth,gender,city,country,title,email
1,Analiese,Stitfall,1998-08-21,Female,Nijmegen,Netherlands,Physical Therapy Assistant,astitfall0@reverbnation.com
2,Bendick,Tunmore,1974-04-22,Male,Bayaguana,Dominican Republic,Paralegal,btunmore1@google.pl
3,Albie,Siviour,1973-12-26,Male,Moriki,Nigeria,Senior Developer,asiviour2@skyrock.com
4,Sherye,Anyene,1980-12-14,Female,Évry,France,Assistant Professor,sanyene3@bing.com
5,Pippo,Yoskowitz,1997-08-01,Male,Kema,Indonesia,Operator,
6,Stefan,Wetherick,2001-08-24,Male,Bumirejo,Indonesia,Business Systems Development Analyst,swetherick5@auda.org.au
7,Stacee,Lemmanbie,1980-11-14,Female,Uherský Ostroh,Czech Republic,Payment Adjustment Coordinator,slemmanbie6@berkeley.edu
8,Roxy,Marcus,1978-08-24,Female,Borås,Sweden,Senior Editor,rmarcus7@taobao.com
9,Bartie,Barrack,1970-01-19,Genderqueer,Hyattsville,United States,Automation Specialist II,
10,Clarie,Sutor,1985-06-28,Female,Paris 14,France,Editor,csutor9@cnn.com
11,Carmel,Kerry,1986-01-11,Female,Kuala Terengganu,Malaysia,Editor,ckerrya@domainmarket.com
12,Augustin,Tolley,1984-07-27,Male,Eystur,Faroe Islands,Legal Assistant,atolleyb@imdb.com
13,Elnore,Lacrouts,1970-04-14,Female,Parry Sound,Canada,Recruiting Manager,elacroutsc@clickbank.net
14,Becky,Dalwood,1970-10-05,Female,Lo Prado,Chile,Accountant IV,bdalwoodd@telegraph.co.uk
15,Ignatius,Fraulo,1990-11-10,Male,Rybí,Czech Republic,Technical Writer,
16,Findlay,Chalker,1979-11-04,Male,Yueyahe,China,Business Systems Development Analyst,
17,Marcelia,Nequest,1985-01-07,Female,Aş Şūrah aş Şaghīrah,Syria,Actuary,
18,Vachel,Bannon,1992-02-06,Male,Tsybli,Ukraine,VP Sales,vbannonh@fc2.com
19,Kirstin,Antoniak,1974-01-23,Female,San Miguel de Tucumán,Argentina,Administrative Officer,kantoniaki@wikimedia.org
20,Dulcy,Corser,1999-02-02,Female,Yangxu,China,VP Product Management,
21,Lucien,Thompsett,2002-10-16,Male,Yangdu,China,Database Administrator III,lthompsettk@cisco.com
22,Cati,Greendale,1988-09-21,Genderqueer,Changliang,China,Paralegal,cgreendalel@mtv.com
23,Saree,Iacovolo,2001-07-22,Polygender,Deje,Sweden,Staff Scientist,siacovolom@homestead.com
24,Christian,Riordan,1976-02-19,Male,Lamía,Greece,Software Test Engineer III,
25,Davide,Golsby,1972-11-09,Male,Lubień,Poland,Sales Representative,dgolsbyo@mlb.com
26,Timothy,Manton,1990-07-02,Non-binary,Macatuba,Brazil,Operator,tmantonp@yale.edu
27,Markos,Pillans,1977-09-05,Male,Jieduo,China,Administrative Assistant III,mpillansq@time.com
28,Andi,Abadam,1976-02-12,Female,San Rafael Oriente,El Salvador,Associate Professor,aabadamr@reuters.com
29,Dyane,Antliff,1975-11-25,Female,Candelaria,Philippines,Systems Administrator II,dantliffs@elpais.com
30,Hatti,Digance,1977-12-02,Female,Rongwo,China,Account Executive,hdigancet@va.gov
31,Jacquenette,Dandy,1981-07-11,Agender,Paobulan,Indonesia,Actuary,jdandyu@theguardian.com
32,Davide,Alasdair,1976-11-29,Male,Niquinohomo,Nicaragua,Database Administrator III,dalasdairv@reddit.com
33,Clem,Kincade,1976-09-06,Female,Mirebalais,Haiti,Computer Systems Analyst IV,
34,Reinold,Kless,2002-02-05,Non-binary,Wang Chan,Thailand,Senior Financial Analyst,
35,Piggy,Toynbee,1982-06-12,Male,Silongin,Philippines,Desktop Support Technician,
36,Si,Saing,1985-05-26,Male,Åkersberga,Sweden,Research Assistant II,ssaingz@utexas.edu
37,Zachary,Bowton,1988-02-02,Male,Karang Kulon,Indonesia,Programmer Analyst II,zbowton10@themeforest.net
38,Eartha,Wynter,1985-05-29,Female,Uppsala,Sweden,Nurse Practicioner,
39,Aubrie,Bahlmann,1971-07-11,Female,Pantai,Indonesia,GIS Technical Architect,abahlmann12@yelp.com
40,Karel,Wenger,1987-10-23,Male,San Diego,Philippines,Legal Assistant,kwenger13@buzzfeed.com
41,Krissie,Hasslocher,1981-10-31,Female,Songbo,China,VP Product Management,
42,Lorne,Matuskiewicz,1990-03-13,Female,Elói Mendes,Brazil,Legal Assistant,lmatuskiewicz15@businesswire.com
43,Chevalier,Axcel,1998-04-21,Male,Lüderitz,Namibia,Food Chemist,caxcel16@wufoo.com
44,Katerina,Doole,1996-12-18,Female,Komendantsky aerodrom,Russia,Chief Design Engineer,kdoole17@scientificamerican.com
45,Lorilyn,Loddy,1988-06-28,Female,Miaoya,China,Mechanical Systems Engineer,lloddy18@apache.org
46,Oralie,Glassborow,1997-05-04,Female,Changlin,China,Database Administrator III,oglassborow19@about.com
47,Sophronia,Fraczkiewicz,1980-10-17,Female,Zhongnan,China,Graphic Designer,
48,Giacomo,Faughny,1994-08-03,Male,Sokarame,Indonesia,Safety Technician III,gfaughny1b@wikimedia.org
49,Edouard,McReynold,1970-10-29,Male,Hancheng,China,Office Assistant III,
50,Davy,Reuven,1981-03-10,Male,Rio Claro,Brazil,Research Nurse,dreuven1d@cargocollective.com
51,Gael,Dobbie,1991-09-30,Female,Wuyao,China,Associate Professor,gdobbie1e@printfriendly.com
52,Onofredo,Seamon,1973-11-28,Male,Góra Kalwaria,Poland,Chief Design Engineer,oseamon1f@dell.com
53,Ashli,Courtese,1973-07-28,Bigender,Semikarakorsk,Russia,Analyst Programmer,acourtese1g@bravesites.com
54,Dagny,Stammirs,1997-07-20,Male,Proletarsk,Russia,Community Outreach Specialist,dstammirs1h@skyrock.com
55,Scarface,Lanaway,1988-05-18,Male,Fifi,Morocco,Help Desk Operator,slanaway1i@gmpg.org
56,Lockwood,Galgey,1971-12-10,Male,Caucagüito,Venezuela,Geological Engineer,lgalgey1j@netvibes.com
57,Donnell,Slaughter,1976-01-07,Male,Cincinnati,United States,Nurse Practicioner,dslaughter1k@netlog.com
58,Monty,Penylton,1973-11-13,Male,Huangxi,China,Assistant Professor,mpenylton1l@furl.net
59,Carolin,Cuckoo,1977-06-01,Female,Krivaja,Serbia,Programmer II,
60,Una,Tomkiss,1991-04-19,Female,El Tránsito,Honduras,VP Product Management,utomkiss1n@mediafire.com
61,Eustacia,Kernoghan,1970-01-07,Female,Martapura,Indonesia,Senior Financial Analyst,ekernoghan1o@umn.edu
62,Lorenza,Choffin,1985-07-27,Female,Birātnagar,Nepal,Human Resources Assistant II,
63,Dane,Donkersley,1986-03-10,Male,Schäffern,Austria,Desktop Support Technician,ddonkersley1q@linkedin.com
64,Jedidiah,Escalero,1980-11-24,Male,Kebon,Indonesia,Senior Developer,jescalero1r@skyrock.com
65,Luigi,Shier,1983-02-07,Male,Nacka,Sweden,Executive Secretary,lshier1s@dmoz.org
66,Tucky,Pargent,1999-11-30,Male,Foz do Iguaçu,Brazil,Accountant III,tpargent1t@twitter.com
67,Norrie,Smalman,1973-09-07,Female,Huangzhai,China,Nurse Practicioner,nsmalman1u@prlog.org
68,Florina,Talkington,1976-08-08,Female,Hal’shany,Belarus,Director of Sales,
69,Jinny,Badwick,1989-03-19,Female,Bokong Timur,Indonesia,Dental Hygienist,
70,Ricard,Butterfield,2002-11-27,Male,Ippy,Central African Republic,Junior Executive,
71,Willow,Priddle,1978-09-21,Female,Obudovac,Bosnia and Herzegovina,Nurse Practicioner,wpriddle1y@uiuc.edu
72,Addia,Franzoli,1994-04-13,Female,Gayny,Russia,Software Engineer IV,
73,Hazel,Trevain,2000-08-21,Female,Rainis,Indonesia,Occupational Therapist,
74,Silvester,Ogan,1997-02-14,Male,Yuchi,China,Social Worker,sogan21@typepad.com
75,Chickie,Fenix,1991-04-22,Male,Sighnaghi,Georgia,Tax Accountant,cfenix22@wikia.com
76,Quincey,Menpes,1974-08-03,Male,Zigong,China,Paralegal,qmenpes23@bbb.org
77,Nappy,Cusiter,1994-01-30,Male,Matabao,Philippines,GIS Technical Architect,ncusiter24@wiley.com
78,Rhodie,Lots,1978-05-05,Female,Borodino,Ukraine,Teacher,
79,Deloria,Nurcombe,1979-11-27,Female,Kabba,Nigeria,VP Quality Control,dnurcombe26@chron.com
80,Jeanette,Chess,1971-10-02,Female,Wuppertal,Germany,Quality Control Specialist,jchess27@artisteer.com
81,Halli,Cardus,1977-11-19,Female,Issy-les-Moulineaux,France,Civil Engineer,hcardus28@globo.com
82,Vladimir,Manners,1990-05-09,Male,Pingshi,China,Pharmacist,vmanners29@dailymotion.com
83,Kimble,Jaulme,1992-04-30,Male,Bodzanów,Poland,Marketing Manager,kjaulme2a@paypal.com
84,Marika,Shillington,1995-05-24,Genderfluid,Yirga ‘Alem,Ethiopia,Sales Associate,mshillington2b@prnewswire.com
85,Kellyann,Hanford,1999-10-08,Female,Prévost,Canada,Account Representative IV,khanford2c@who.int
86,Carmina,Van der Linde,1979-11-12,Female,Nàng Mau,Vietnam,Desktop Support Technician,cvanderlinde2d@hexun.com
87,Theo,Norker,1993-06-07,Male,Malati,Indonesia,Community Outreach Specialist,tnorker2e@hatena.ne.jp
88,Cosetta,Gisbye,1981-07-17,Female,Mercedes,Philippines,Mechanical Systems Engineer,
89,Tremayne,Jurasz,1987-11-13,Male,Stanisław Dolny,Poland,Environmental Tech,tjurasz2g@walmart.com
90,Diane-marie,Dyball,1975-01-08,Agender,Kladi,Indonesia,GIS Technical Architect,ddyball2h@sakura.ne.jp
91,Herc,Menego,1979-07-02,Male,Charyshskoye,Russia,Civil Engineer,hmenego2i@netvibes.com
92,Kanya,Flewin,1970-03-06,Female,Sindanghayu,Indonesia,Data Coordiator,kflewin2j@cornell.edu
93,Zacharia,Backwell,1978-08-23,Male,Osypenko,Ukraine,Compensation Analyst,
94,Brandtr,Jakovijevic,1970-10-26,Male,Ōita,Japan,Assistant Professor,bjakovijevic2l@unblog.fr
95,Thaddeus,Matityahu,1989-05-21,Male,Tohong,Indonesia,Quality Engineer,
96,Audra,Burrett,1973-10-01,Female,Huancheng,China,Programmer Analyst II,
97,Leela,Matushenko,1981-04-07,Female,Viļaka,Latvia,Database Administrator II,lmatushenko2o@nationalgeographic.com
98,Cyndi,Fulker,1986-08-25,Female,Dabbūrīya,Israel,Business Systems Development Analyst,cfulker2p@usda.gov
99,Isabelle,Torra,1999-11-30,Female,Donegal,Ireland,Compensation Analyst,itorra2q@hc360.com
100,Giustina,McCole,1984-12-16,Female,Balung,Indonesia,Accountant III,
101,Benedikta,Schwandermann,1972-01-14,Female,Bagnères-de-Bigorre,France,Engineer III,bschwandermann2s@economist.com
102,Cris,Czajkowska,1987-04-13,Agender,Croissy-sur-Seine,France,Budget/Accounting Analyst IV,
103,Tedra,Rockwill,1991-04-20,Genderfluid,Carreira,Portugal,Research Associate,trockwill2u@boston.com
104,Geri,Whiteman,1991-09-18,Female,Tafí del Valle,Argentina,Data Coordiator,gwhiteman2v@tiny.cc
105,Almira,Beedom,1971-01-31,Female,Milán,Colombia,Mechanical Systems Engineer,abeedom2w@cornell.edu
106,Kipper,Faulkener,1999-04-05,Male,Obonoma,Nigeria,Nurse Practicioner,kfaulkener2x@shinystat.com
107,Dodie,Ryhorovich,1974-02-26,Female,Renhe,China,Accounting Assistant III,dryhorovich2y@qq.com
108,Kiri,Knowlton,1988-07-19,Female,Luchenza,Malawi,Tax Accountant,
109,Dalis,McClancy,1993-05-13,Male,Alor Setar,Malaysia,Analog Circuit Design manager,dmcclancy30@prweb.com
110,Emelina,Dooley,1971-11-03,Female,Dizangué,Cameroon,Sales Representative,edooley31@mlb.com
111,Gerri,Jaggs,1981-08-13,Male,Utama Wetan,Indonesia,Database Administrator III,gjaggs32@list-manage.com
112,Julina,Conrad,1977-05-14,Genderqueer,Menongue,Angola,Legal Assistant,jconrad33@163.com
113,Christal,O'Lennachain,1992-08-14,Female,Brusque,Brazil,Dental Hygienist,colennachain34@cafepress.com
114,Jeddy,Jacklings,1980-01-28,Male,Sorang,Kazakhstan,Chief Design Engineer,jjacklings35@nationalgeographic.com
115,Isis,Learoid,1981-04-13,Female,Kisumu,Kenya,Paralegal,ilearoid36@issuu.com
116,Pavia,Grute,1980-08-14,Female,Nairobi,Kenya,Geological Engineer,pgrute37@techcrunch.com
117,Melody,Colegate,1970-05-31,Female,Zishan,China,Structural Engineer,
118,Winonah,Forgan,1988-11-10,Female,Gampingan,Indonesia,Environmental Specialist,wforgan39@ocn.ne.jp
119,Vina,Deshon,1982-10-04,Female,Barisāl,Bangladesh,Office Assistant II,
120,Luke,Dodell,1985-03-15,Male,Velké Svatoňovice,Czech Republic,Editor,ldodell3b@odnoklassniki.ru
121,Cody,Ert,1992-08-02,Female,Yilkiqi,China,Research Assistant I,
122,Alfie,Hurler,2000-09-15,Male,Élancourt,France,Dental Hygienist,ahurler3d@aboutads.info
123,Gaylord,Georges,1984-10-21,Male,Killam,Canada,Media Manager I,
124,Nannette,Sheward,1989-10-20,Female,Thị Trấn Na Sầm,Vietnam,Associate Professor,
125,Marcos,Gamet,1991-04-24,Male,Sophia Antipolis,France,Mechanical Systems Engineer,
126,Lainey,Robey,1978-09-16,Female,Kojagete,Indonesia,Assistant Professor,
127,Marcello,Sheekey,1993-09-11,Male,Mae Sai,Thailand,Financial Advisor,msheekey3i@hhs.gov
128,Mari,Verbeek,2002-03-25,Female,Fichē,Ethiopia,Accountant I,mverbeek3j@sphinn.com
129,Karyn,Eldon,1977-05-25,Female,Manzanares,Colombia,Senior Financial Analyst,
130,Verena,Baggalley,1985-07-20,Female,Guayabal,Colombia,Executive Secretary,vbaggalley3l@themeforest.net
131,Alicea,Titcom,1984-05-21,Female,Yiliu,China,Executive Secretary,atitcom3m@state.tx.us
132,Ty,Lidster,1981-01-12,Male,Pohbango,Indonesia,Structural Engineer,tlidster3n@army.mil
133,Mora,Bourbon,2002-10-17,Female,Igreja,Portugal,Speech Pathologist,
134,Geoffrey,Cazereau,2001-11-21,Male,Silago,Philippines,Account Coordinator,gcazereau3p@creativecommons.org
135,Winfred,Mc Grath,1991-12-19,Male,Krasyliv,Ukraine,Actuary,wmcgrath3q@shutterfly.com
136,Gerrie,Pendred,1988-08-19,Female,Hamburg,Germany,Research Nurse,gpendred3r@wordpress.org
137,Donnie,Peagrim,1995-11-19,Female,Chambara,Peru,Media Manager I,
138,Elena,Stollmeyer,1986-12-19,Female,Veruela,Philippines,Account Coordinator,estollmeyer3t@deliciousdays.com
139,Kaye,Norwich,1988-03-03,Agender,Voskhod,Ukraine,Information Systems Manager,
140,Sheelagh,Saffe,1975-03-15,Female,Nunutba,Indonesia,Internal Auditor,ssaffe3v@sina.com.cn
141,Hanan,Hanratty,1982-04-13,Male,Jindayris,Syria,Web Designer I,hhanratty3w@yahoo.com
142,Danell,Kingswood,1974-02-15,Female,Al ‘Ulá,Saudi Arabia,Human Resources Assistant III,dkingswood3x@squidoo.com
143,Bernhard,Dyzart,1973-09-11,Male,Temara,Morocco,Product Engineer,bdyzart3y@weebly.com
144,Lukas,Duguid,1983-09-24,Bigender,Sukoreno,Indonesia,Human Resources Manager,lduguid3z@biblegateway.com
145,Renard,Paice,1976-01-31,Male,Arroyo Naranjo,Cuba,Programmer Analyst II,
146,Dacie,Dils,1994-02-17,Female,Santo Tomas,Peru,VP Product Management,ddils41@creativecommons.org
147,Joane,Treffrey,1983-02-09,Female,Altares,Portugal,VP Product Management,jtreffrey42@java.com
148,Amby,Fretson,1972-07-16,Male,Mehtar Lām,Afghanistan,Chief Design Engineer,afretson43@behance.net
149,Bebe,Martinek,1994-08-19,Female,Wierzbica,Poland,Financial Advisor,
150,Vaclav,McKague,1986-06-03,Genderfluid,Vellinge,Sweden,Database Administrator I,vmckague45@amazon.co.uk
151,Simonette,Corner,1998-12-13,Female,Kijang,South Korea,Automation Specialist I,scorner46@amazon.com
152,Garwood,Pendlington,1985-11-09,Male,Nîmes,France,Junior Executive,gpendlington47@ning.com
153,Shayne,Wandrey,1978-01-19,Female,Неготино,Macedonia,Financial Analyst,swandrey48@aboutads.info
154,Letizia,Metzing,2000-11-01,Female,Kebon,Indonesia,Statistician I,lmetzing49@blogspot.com
155,Nancey,Coveny,1974-05-29,Female,Puyang,China,Professor,ncoveny4a@utexas.edu
156,Munroe,Ackermann,1971-10-29,Male,Ballyhaunis,Ireland,Compensation Analyst,mackermann4b@mayoclinic.com
157,Monah,Haseldine,1987-08-11,Polygender,Shōbu,Japan,Research Nurse,mhaseldine4c@timesonline.co.uk
158,Kevina,Haglington,1970-06-18,Female,Tha Uthen,Thailand,Automation Specialist III,khaglington4d@cbc.ca
159,Sharla,Baukham,1978-11-13,Female,Köyliö,Finland,Teacher,sbaukham4e@jigsy.com
160,Trstram,Storie,1977-10-23,Male,Ajung,Indonesia,Web Designer I,tstorie4f@howstuffworks.com
161,Roma,Maffy,1984-07-28,Male,Bengubelan,Indonesia,Administrative Assistant IV,
162,Idette,Syson,1993-07-20,Female,Chrzanów,Poland,General Manager,isyson4h@joomla.org
163,Cristi,Axford,1991-01-13,Female,Livingstone,Zambia,Administrative Assistant III,caxford4i@t.co
164,Nonie,McBrearty,1994-12-01,Agender,Boca de Parita,Panama,Payment Adjustment Coordinator,nmcbrearty4j@cocolog-nifty.com
165,Kerwin,Wetter,1977-03-06,Male,Kourou,French Guiana,Community Outreach Specialist,kwetter4k@statcounter.com
166,Clarissa,Stych,1981-09-29,Female,Kimry,Russia,Design Engineer,cstych4l@amazon.co.uk
167,Gradeigh,Haysham,2001-11-23,Male,Lawesigalagala Timur,Indonesia,Food Chemist,ghaysham4m@bravesites.com
168,Debora,Leftridge,1972-06-25,Female,Kpalimé,Togo,Analyst Programmer,
169,Delphine,von Hagt,1986-10-14,Female,Marmashen,Armenia,Administrative Officer,
170,Ced,Rivard,1987-12-12,Male,Wojnicz,Poland,Civil Engineer,crivard4p@etsy.com
171,Jesse,Simper,1985-04-25,Female,Edinburgh of the Seven Seas,Saint Helena,Recruiting Manager,jsimper4q@princeton.edu
172,Dosi,Herrieven,1976-03-02,Female,Fika,Nigeria,Accountant III,dherrieven4r@intel.com
173,Essy,Duesberry,1972-12-20,Female,Kota Kinabalu,Malaysia,Cost Accountant,eduesberry4s@buzzfeed.com
174,Alexis,Hagwood,2002-09-10,Female,Mvuma,Zimbabwe,Structural Engineer,
175,Laurens,Curnick,1980-08-05,Male,Dahe,China,Web Developer I,lcurnick4u@facebook.com
176,Di,Pabelik,1991-07-02,Female,Lavandeira,Portugal,Environmental Tech,
177,Sydney,Tosh,1980-03-10,Female,Karlobag,Croatia,Director of Sales,stosh4w@wikispaces.com
178,Jacynth,McInnery,1999-10-11,Female,San José El Ídolo,Guatemala,Desktop Support Technician,jmcinnery4x@histats.com
179,Fremont,McCartney,1987-12-18,Male,El Carril,Argentina,Civil Engineer,
180,Bria,Gerasch,1987-04-02,Female,Ōarai,Japan,Professor,bgerasch4z@mediafire.com
181,Brianne,Buye,1985-07-27,Female,El Carmen,Mexico,Dental Hygienist,bbuye50@reuters.com
182,Gertrudis,Hardeman,1989-04-06,Female,Dibulla,Colombia,Paralegal,ghardeman51@foxnews.com
183,Daren,Hazlegrove,1994-06-04,Male,Pantenan,Indonesia,Automation Specialist IV,
184,Cirilo,Lippett,1991-05-30,Male,Cocieri,Moldova,Civil Engineer,clippett53@unblog.fr
185,Major,Kattenhorn,1989-04-02,Male,Jatake,Indonesia,Associate Professor,
186,Sheree,Renihan,2000-10-17,Female,Nizhyn,Ukraine,Recruiting Manager,srenihan55@unc.edu
187,Brenna,Bernetti,1983-03-09,Polygender,Łącko,Poland,Assistant Professor,
188,Lesly,Chasle,1980-11-04,Female,Visby,Sweden,Tax Accountant,lchasle57@yahoo.com
189,Fowler,Nicol,1980-06-11,Male,General Viamonte,Argentina,Information Systems Manager,fnicol58@arizona.edu
190,Kirby,Izkoveski,1971-12-25,Female,Bente,Indonesia,Human Resources Manager,kizkoveski59@ebay.co.uk
191,Carleton,Bestar,1999-08-10,Male,Atalaia,Brazil,VP Sales,
192,Drucill,Roscam,1971-10-25,Female,Amarete,Bolivia,Staff Scientist,droscam5b@house.gov
193,Staci,Hechlin,1995-02-14,Female,Vila Fria,Portugal,Administrative Assistant IV,shechlin5c@nba.com
194,Daffy,Vidler,1990-10-03,Female,Mufushan,China,Account Executive,
195,Clayborn,Elcox,1995-05-16,Male,Moju,Brazil,Sales Associate,celcox5e@angelfire.com
196,Margi,O'Scanlan,1988-11-29,Female,Ridderkerk,Netherlands,Account Executive,moscanlan5f@dagondesign.com
197,Daniela,Pennycuick,1989-05-30,Female,Latung,Philippines,Automation Specialist III,dpennycuick5g@nationalgeographic.com
198,Vergil,Pietron,1999-09-03,Male,Montluçon,France,Dental Hygienist,vpietron5h@state.tx.us
199,Joanne,Mulliss,1975-01-27,Female,Sliema,Malta,Marketing Assistant,jmulliss5i@weebly.com
200,Andrea,Winchurst,2001-06-20,Male,Homa Bay,Kenya,Account Executive,
201,Syd,Ibarra,1979-05-05,Male,Otutara,French Polynesia,Recruiting Manager,sibarra5k@cbslocal.com
202,Tobi,Commusso,1989-05-31,Female,Espargos,Cape Verde,Staff Scientist,
203,Dawn,Carlisle,2000-12-11,Female,Obrera,Mexico,Senior Cost Accountant,dcarlisle5m@addtoany.com
204,Ettie,Quadri,1970-12-10,Female,Maramag,Philippines,Environmental Tech,equadri5n@geocities.jp
205,Aurore,Katte,1970-05-13,Female,Nubl,Syria,Research Associate,akatte5o@mapy.cz
206,Ingram,Hawken,1993-06-22,Male,Chor,Pakistan,Structural Analysis Engineer,
207,Humfrid,Aiken,1979-07-30,Male,Maliang,China,Analyst Programmer,
208,Annelise,Mesant,1984-03-11,Female,Haninge,Sweden,VP Sales,
209,Marianne,Giovannardi,1974-07-30,Female,Colonia Yguazú,Paraguay,Administrative Officer,mgiovannardi5s@discuz.net
210,Derick,MacDunlevy,1987-07-18,Male,Guoyuan,China,Administrative Officer,dmacdunlevy5t@eventbrite.com
211,Mandy,Cardoso,1971-04-30,Female,Ostrožská Nová Ves,Czech Republic,Registered Nurse,
212,Christoffer,Abazi,1975-08-29,Male,Lemahputih,Indonesia,Software Test Engineer III,cabazi5v@unc.edu
213,Tucker,Jarritt,1991-09-28,Male,Shamva,Zimbabwe,Compensation Analyst,tjarritt5w@cocolog-nifty.com
214,Justis,Emburey,1979-04-18,Male,Kalyny,Ukraine,Statistician I,jemburey5x@123-reg.co.uk
215,Bryan,Charley,2001-08-06,Male,Krzyżanów,Poland,Director of Sales,bcharley5y@sohu.com
216,Diarmid,Teeney,1976-10-16,Male,Saldanha,South Africa,Accounting Assistant III,dteeney5z@friendfeed.com
217,Vallie,Skaid,1978-12-20,Female,Beitan,China,Statistician II,vskaid60@jimdo.com
218,Shepherd,Mimmack,1971-09-16,Male,Al Ḩarāk,Syria,Staff Scientist,smimmack61@digg.com
219,Dulcy,O'Scanlan,1980-03-12,Female,Creil,France,Associate Professor,doscanlan62@a8.net
220,Cam,Hachard,1994-02-01,Female,Mashi,China,Engineer II,chachard63@upenn.edu
221,Trix,Bayles,1994-08-11,Female,Providence,Mauritius,Payment Adjustment Coordinator,
222,Elvira,Licence,1974-01-22,Female,Ayrihuanca,Peru,Financial Analyst,elicence65@ustream.tv
223,Lonnie,Hender,1986-10-13,Female,Dzoraghbyur,Armenia,Librarian,lhender66@ask.com
224,Therese,Scoates,1998-02-19,Female,Hefu,China,Statistician I,tscoates67@blinklist.com
225,Wilow,Tewkesbury,1970-03-25,Female,Yelat’ma,Russia,Electrical Engineer,
226,Carlos,Stanbrooke,1991-03-15,Male,Bontoc,Philippines,Quality Engineer,cstanbrooke69@gnu.org
227,Maegan,Leah,1971-06-12,Female,Kazan,Russia,Business Systems Development Analyst,
228,Ernestus,Cranefield,1983-05-29,Male,Galamares,Portugal,Paralegal,ecranefield6b@zimbio.com
229,Rochester,Poulston,1989-08-31,Male,Jiamaogong,China,Environmental Specialist,rpoulston6c@dailymail.co.uk
230,Emlen,Tubby,2000-03-31,Male,Askaniya Nova,Ukraine,Editor,etubby6d@icq.com
231,Pernell,Swyre,1999-07-02,Male,Naji,China,Software Test Engineer II,
232,Farah,Sallter,1978-11-05,Female,Janaka,Indonesia,VP Marketing,fsallter6f@vistaprint.com
233,Georgette,Nuzzti,1990-12-15,Female,Pellegrini,Argentina,VP Product Management,gnuzzti6g@nasa.gov
234,Charyl,Duffree,1983-12-21,Female,Sanjiazi,China,Internal Auditor,cduffree6h@newsvine.com
235,Trixy,Pineaux,2001-03-09,Female,Mehrābpur,Pakistan,Sales Associate,tpineaux6i@aol.com
236,Paxon,Earland,1970-12-29,Male,Hutou,China,Operator,pearland6j@unc.edu
237,Pavla,Guymer,1996-09-06,Female,Imatra,Finland,Community Outreach Specialist,pguymer6k@qq.com
238,Galvin,McTear,1971-06-27,Male,Xiatuanpu,China,Quality Control Specialist,
239,Wilbert,Easson,1996-05-01,Male,Thị Trấn Thọ Xuân,Vietnam,Statistician II,
240,Carson,Llorente,1995-04-20,Male,Ciawi,Indonesia,Database Administrator I,cllorente6n@linkedin.com
241,Jeanette,Dakin,1984-08-10,Female,Nantai,China,Technical Writer,
242,Mariam,Capitano,1994-06-21,Female,Barg-e Matāl,Afghanistan,Product Engineer,mcapitano6p@tuttocitta.it
243,Corella,Spelling,2000-12-23,Female,Sasovo,Russia,Information Systems Manager,
244,Ludwig,Dyball,1985-01-12,Male,Dollard-Des Ormeaux,Canada,Quality Control Specialist,ldyball6r@intel.com
245,Theobald,Sher,1989-06-08,Genderqueer,Casisang,Philippines,Nuclear Power Engineer,
246,Lucila,Nansom,1985-08-23,Female,Chitungwiza,Zimbabwe,Computer Systems Analyst II,lnansom6t@smugmug.com
247,Elmore,Mates,1975-08-22,Male,Al ‘Ayzarīyah,Palestinian Territory,Office Assistant III,emates6u@independent.co.uk
248,Rutherford,Hoxey,1973-08-05,Male,Höganäs,Sweden,Payment Adjustment Coordinator,rhoxey6v@icio.us
249,Normie,De Luna,1995-08-19,Male,San Antonio,Philippines,Help Desk Technician,
250,Susanna,Jewkes,1999-01-25,Female,Shingū,Japan,Structural Engineer,
251,Neille,Orrick,1993-03-20,Female,Kolokani,Mali,Business Systems Development Analyst,
252,Yetty,Wyer,1996-02-24,Female,Baleal,Portugal,Electrical Engineer,ywyer6z@craigslist.org
253,Joanne,Windas,1974-05-06,Female,Tomar,Portugal,Internal Auditor,jwindas70@umich.edu
254,Nalani,Baulch,1994-01-14,Female,Farasān,Saudi Arabia,Structural Analysis Engineer,nbaulch71@engadget.com
255,Abdul,Basindale,1973-08-17,Male,Bukovany,Czech Republic,Financial Advisor,abasindale72@stumbleupon.com
256,Steffen,Greenman,1970-04-13,Male,Vila Fria,Portugal,Clinical Specialist,sgreenman73@51.la
257,Bengt,Sabate,1975-05-11,Male,Girón,Colombia,Cost Accountant,bsabate74@cargocollective.com
258,Christiana,Devenport,1975-10-17,Female,Puerto Francisco de Orellana,Ecuador,Actuary,cdevenport75@typepad.com
259,Lon,Roach,1978-09-10,Male,Viškovci,Croatia,Director of Sales,lroach76@tripadvisor.com
260,Delcine,Greenaway,1998-11-05,Female,Xianlong,China,Editor,dgreenaway77@si.edu
261,Valry,Chotty,1998-04-30,Female,Dacun,China,Programmer IV,
262,Delmor,Orrin,2001-10-10,Male,Barajevo,Serbia,Editor,dorrin79@deviantart.com
263,Allyson,Gaule,1999-05-09,Female,Shangkuli,China,Chemical Engineer,
264,Margarita,Lepere,2002-12-16,Female,Golopau,Indonesia,Business Systems Development Analyst,mlepere7b@imgur.com
265,Joaquin,Bartleet,1987-08-27,Male,Growong Lor,Indonesia,Tax Accountant,
266,Verna,Drakes,2002-05-17,Polygender,As Sūq al Jadīd,Yemen,Paralegal,vdrakes7d@woothemes.com
267,Teresa,Barnwell,1998-08-03,Agender,Gällivare,Sweden,Help Desk Technician,tbarnwell7e@unc.edu
268,Ogden,Skentelbery,1981-03-17,Male,San Diego,Costa Rica,Computer Systems Analyst I,oskentelbery7f@edublogs.org
269,Moselle,Michel,1987-05-19,Female,Milot,Haiti,Media Manager II,mmichel7g@bing.com
270,Finn,Spykings,1979-07-31,Male,Khoa,Laos,Administrative Officer,
271,Emmy,Truswell,1983-01-01,Male,Desa Borogojol,Indonesia,Human Resources Manager,etruswell7i@answers.com
272,Berkly,Wipper,1993-03-29,Male,Sam Phran,Thailand,Recruiting Manager,bwipper7j@oracle.com
273,Jodi,Ommundsen,1973-08-17,Male,Srpska Crnja,Serbia,Recruiter,jommundsen7k@npr.org
274,Reeba,Biggerstaff,1995-10-08,Female,Alberton,Canada,Sales Representative,rbiggerstaff7l@ning.com
275,Devlin,Zealey,1981-12-10,Male,Nyimba,Zambia,Chemical Engineer,dzealey7m@vistaprint.com
276,Mildred,Mulvin,1982-12-26,Female,Claye-Souilly,France,Recruiting Manager,mmulvin7n@paginegialle.it
277,Valida,Twist,1989-03-11,Female,Le Mans,France,Registered Nurse,vtwist7o@wix.com
278,Genna,Shelmardine,1983-03-13,Female,Carman,Canada,Human Resources Manager,
279,Desirae,Giacopazzi,1973-01-05,Female,Korogan Timur,Indonesia,Structural Engineer,dgiacopazzi7q@edublogs.org
280,Filide,Whooley,2002-10-25,Female,Shikhany,Russia,Media Manager III,fwhooley7r@sitemeter.com
281,Camilla,McDaid,2001-11-24,Female,Kambar,Pakistan,Director of Sales,cmcdaid7s@prnewswire.com
282,Araldo,Tudgay,1975-09-19,Male,Quito,Ecuador,Tax Accountant,
283,Beau,Scurrah,1982-08-17,Male,Jinglou,China,Human Resources Assistant I,
284,Tova,Kensitt,1988-07-29,Female,Kuantan,Malaysia,Staff Scientist,tkensitt7v@weather.com
285,Alberto,MacAless,1970-03-26,Non-binary,Medaya,Syria,VP Marketing,amacaless7w@bing.com
286,Allyn,Flea,2002-10-06,Female,Selat,Indonesia,Administrative Assistant II,
287,Gabbie,MacCarter,1989-06-11,Male,Údlice,Czech Republic,Marketing Manager,gmaccarter7y@ucoz.com
288,Donny,Kunisch,1985-08-24,Non-binary,Venâncio Aires,Brazil,Nurse Practicioner,
289,Carr,Sidlow,2002-11-08,Genderfluid,Rockford,United States,Safety Technician IV,csidlow80@mashable.com
290,Bebe,Sailer,2000-02-27,Female,Damnica,Poland,Environmental Specialist,
291,Blithe,Marczyk,1982-06-13,Female,Obiliq,Kosovo,Nurse Practicioner,bmarczyk82@tumblr.com
292,Nady,Hryniewicki,1971-08-19,Female,Gio Linh,Vietnam,Quality Engineer,nhryniewicki83@pbs.org
293,Concordia,Wynn,2000-08-10,Female,Konso,Ethiopia,Programmer Analyst I,cwynn84@tmall.com
294,Nanni,Barens,1992-04-21,Female,Mahalapye,Botswana,Marketing Assistant,nbarens85@weather.com
295,Latashia,Goddert.sf,1977-11-30,Female,Raheny,Ireland,Software Test Engineer III,lgoddertsf86@foxnews.com
296,Raddy,Ammer,1974-07-11,Male,Cortezia,Portugal,Automation Specialist II,rammer87@liveinternet.ru
297,Lenci,Hartford,1970-11-28,Male,Paris 02,France,Data Coordiator,lhartford88@weebly.com
298,Helga,McCraine,1973-06-02,Female,Temryuk,Russia,Cost Accountant,hmccraine89@tumblr.com
299,Clemente,Pilgram,1997-11-19,Male,Dungarvan,Ireland,Office Assistant III,
300,Alwin,Cussen,1975-03-27,Male,Coutada,Portugal,VP Quality Control,
301,Cammie,Moyles,1984-06-12,Genderfluid,Sayapullo,Peru,Technical Writer,
302,Maurizio,McKinless,1978-05-30,Polygender,Rosmalen,Netherlands,Systems Administrator I,
303,Isis,Clipsham,1982-01-12,Female,Guardizela,Portugal,VP Sales,iclipsham8e@va.gov
304,Ingelbert,Firman,1998-04-21,Male,Quva,Uzbekistan,Research Nurse,
305,Hendrik,Manford,2001-03-08,Male,Quípama,Colombia,Analyst Programmer,hmanford8g@pinterest.com
306,Briney,Enevold,1986-06-08,Non-binary,Changlong,China,Community Outreach Specialist,benevold8h@aol.com
307,Freeland,Ovesen,1995-01-24,Male,Xike,China,Nuclear Power Engineer,fovesen8i@oracle.com
308,Brose,Calken,1983-11-19,Male,Miaofengshan,China,Chief Design Engineer,bcalken8j@tumblr.com
309,Rosalinde,Fruin,1980-10-23,Female,Nanqiao,China,Assistant Media Planner,
310,Fiann,Pietrusiak,2000-03-04,Female,Hualingang,China,Teacher,fpietrusiak8l@ovh.net
311,Della,Mainson,1989-01-06,Female,Curumaní,Colombia,Research Assistant III,
312,Evie,Rosetti,1988-10-16,Female,Tëplaya Gora,Russia,Analog Circuit Design manager,erosetti8n@senate.gov
313,Gwendolin,Kerry,1970-03-30,Female,Torrijos,Philippines,Statistician II,gkerry8o@twitpic.com
314,Morris,McGerraghty,1971-09-30,Male,Delvinë,Albania,Design Engineer,mmcgerraghty8p@accuweather.com
315,Adara,Moller,1984-06-17,Female,Yashan,China,Computer Systems Analyst III,amoller8q@nifty.com
316,Paten,Tarbert,1974-11-22,Male,Kotkot,Philippines,Software Engineer II,ptarbert8r@thetimes.co.uk
317,Daryn,Denkel,1984-12-02,Female,Luyang,China,Help Desk Technician,ddenkel8s@desdev.cn
318,Annissa,Ahlin,1983-09-25,Female,Orhon,Mongolia,Account Representative I,
319,Dagny,Chalk,1971-11-03,Male,Gračanica,Bosnia and Herzegovina,Database Administrator II,dchalk8u@i2i.jp
320,Ellwood,Mersh,1985-10-15,Genderqueer,Loimaan Kunta,Finland,Nurse Practicioner,
321,Kit,MacBean,1972-10-20,Male,Cihaurbeuti,Indonesia,Staff Scientist,kmacbean8w@reuters.com
322,Damita,Cradoc,2001-09-20,Female,Loikaw,Myanmar,Desktop Support Technician,dcradoc8x@sogou.com
323,Rudyard,McGlew,1987-01-12,Male,Terara,Indonesia,VP Marketing,
324,Nonnah,Clever,1977-12-05,Female,Jiangkou,China,Help Desk Technician,nclever8z@marriott.com
325,Frieda,Catcherside,1985-07-09,Female,Quận Mười,Vietnam,Developer IV,
326,Chilton,Barwell,2001-12-16,Male,Agualva,Portugal,Sales Representative,
327,Mirna,Covet,1986-11-05,Female,Changxuanling,China,Clinical Specialist,mcovet92@harvard.edu
328,Kriste,Bradly,1971-11-24,Female,São Mamede de Infesta,Portugal,Director of Sales,kbradly93@xinhuanet.com
329,Brigit,Siret,1992-03-17,Female,San Carlos,Colombia,Analog Circuit Design manager,bsiret94@ucoz.com
330,Anatola,Skillanders,2002-01-26,Female,Alto de São Sebastião,Portugal,VP Marketing,askillanders95@skype.com
331,Ardelis,Kobierski,1979-12-22,Female,Milaor,Philippines,Business Systems Development Analyst,
332,Portie,Gregol,1994-02-19,Male,Armenia,Colombia,Graphic Designer,pgregol97@hp.com
333,Dedra,Grattan,1985-10-19,Female,Zhoutou,China,Nurse Practicioner,dgrattan98@msn.com
334,Nat,Cristoforo,1972-08-29,Female,Gaotai,China,Geologist IV,ncristoforo99@free.fr
335,Bertha,Finnie,2001-04-30,Female,Cuilco,Guatemala,Human Resources Manager,bfinnie9a@hp.com
336,Chevy,Conyers,1988-07-30,Male,Vân Đình,Vietnam,Librarian,
337,Dorey,Muncey,1978-01-11,Male,Xiaohekou,China,Developer I,dmuncey9c@japanpost.jp
338,Edward,Doxey,1994-11-05,Male,Junín,Colombia,VP Sales,edoxey9d@walmart.com
339,Bryna,Hush,1974-08-10,Female,Sumberkertokrajan,Indonesia,Speech Pathologist,bhush9e@webmd.com
340,Merle,Crossfeld,1975-06-19,Male,Bussum,Netherlands,Nurse Practicioner,
341,Carmine,Sutterfield,1991-06-29,Female,Klampok,Indonesia,Registered Nurse,csutterfield9g@cisco.com
342,Layton,O'Mullaney,1978-06-09,Male,Bulu,Indonesia,Quality Control Specialist,
343,Corty,Midden,1982-01-15,Male,Sarata,Ukraine,Geologist II,cmidden9i@dailymail.co.uk
344,Cortie,Pobjay,1992-11-12,Male,Yanling,China,Developer II,
345,Ethe,Budgen,1986-02-02,Male,Semiring,Indonesia,Administrative Officer,ebudgen9k@ameblo.jp
346,Roderic,Whellans,1989-04-02,Male,Santa María Ixhuatán,Guatemala,Physical Therapy Assistant,rwhellans9l@google.com
347,Nerta,Lorenc,1978-06-18,Agender,Rakitovo,Bulgaria,Speech Pathologist,
348,Irvine,Campbell,2001-01-24,Bigender,Mežica,Slovenia,Analyst Programmer,icampbell9n@yandex.ru
349,Kennie,Rospars,1989-05-22,Male,Sanhe,China,Media Manager II,krospars9o@arstechnica.com
350,Kippar,Seery,1971-10-28,Genderqueer,Astara,Azerbaijan,Product Engineer,
351,Bridget,Rosenbaum,1972-10-21,Female,Dřiteň,Czech Republic,Financial Analyst,brosenbaum9q@pinterest.com
352,Kristo,Carlett,1977-06-25,Male,Monte Redondo,Portugal,Financial Advisor,
353,Zedekiah,Devonport,1980-05-02,Male,Pangapisan,Philippines,Physical Therapy Assistant,zdevonport9s@tripod.com
354,Gareth,Holborn,1976-08-26,Male,Anning,China,Cost Accountant,gholborn9t@miibeian.gov.cn
355,Sherry,Puden,1996-05-08,Female,Tiandian,China,Administrative Officer,spuden9u@ovh.net
356,De witt,Tilt,1999-10-08,Male,Yasugichō,Japan,VP Product Management,
357,Sara-ann,Hundal,1987-07-27,Female,Blangkejeren,Indonesia,Design Engineer,shundal9w@parallels.com
358,Chelsey,Fradgley,1974-12-13,Female,Bor,Serbia,Payment Adjustment Coordinator,cfradgley9x@spiegel.de
359,Gideon,Calderon,1973-12-25,Male,Tögrög,Mongolia,Developer II,gcalderon9y@rediff.com
360,Nissie,Eloy,1987-10-19,Female,Novogireyevo,Russia,Dental Hygienist,neloy9z@flavors.me
361,Goraud,Ardron,1993-02-06,Male,Plavsk,Russia,General Manager,gardrona0@bloglines.com
362,Frances,Plain,1972-11-02,Female,Maracay,Venezuela,Human Resources Manager,fplaina1@fda.gov
363,Marlie,Balderson,1994-08-13,Female,Dolní Libina,Czech Republic,Pharmacist,mbaldersona2@cpanel.net
364,Robena,Mackriell,1984-11-02,Female,Xintian,China,Operator,
365,Judon,Leupold,1977-09-05,Male,Gengqing,China,Director of Sales,jleupolda4@ucoz.ru
366,Tannie,Ungerecht,1992-08-04,Male,Hongsung,South Korea,Cost Accountant,tungerechta5@hexun.com
367,Moises,Keeler,2000-09-18,Male,Dhalie,Yemen,Teacher,mkeelera6@tumblr.com
368,Gan,Hayers,1984-03-20,Male,‘Attīl,Palestinian Territory,Developer II,ghayersa7@columbia.edu
369,Ferne,Ortells,1992-07-07,Female,Trąbki,Poland,Editor,fortellsa8@uiuc.edu
370,Carine,Jayume,1975-12-01,Female,Banyo,Cameroon,Compensation Analyst,cjayumea9@ibm.com
371,Ferdinand,O'Scanlan,1991-10-14,Male,Paris 02,France,Internal Auditor,foscanlanaa@washington.edu
372,Lilian,Janecki,1975-05-27,Female,Houston,United States,Recruiter,ljaneckiab@cnbc.com
373,Erl,Cottrell,1983-07-14,Male,Zarszyn,Poland,Speech Pathologist,ecottrellac@clickbank.net
374,Cherlyn,O'Hannay,1973-09-18,Female,Stykkishólmur,Iceland,Dental Hygienist,
375,Jerad,Klemt,1998-10-01,Male,Gaobu,China,Environmental Specialist,
376,Carey,Humblestone,1996-02-27,Female,Cambuga,Philippines,Dental Hygienist,chumblestoneaf@google.es
377,Nicholle,Fenech,1984-03-13,Female,Malaḩ,Syria,Internal Auditor,nfenechag@taobao.com
378,Paolina,Goble,1998-08-26,Female,Liang,Indonesia,Community Outreach Specialist,pgobleah@flavors.me
379,Jessalin,Scotney,2000-11-18,Female,Ivanovskoye,Russia,Sales Representative,
380,Cathi,Stiebler,1975-07-27,Female,Sóc Sơn,Vietnam,Office Assistant II,cstiebleraj@nps.gov
381,Abie,Brantzen,1977-12-20,Male,Muan,South Korea,Web Designer III,abrantzenak@google.ca
382,Amanda,Bloodworth,1978-06-07,Female,Sambong,Indonesia,Quality Engineer,abloodworthal@vinaora.com
383,Di,Tomblin,2002-02-27,Female,Paris La Défense,France,Account Executive,dtomblinam@trellian.com
384,Ralph,Bowgen,2000-05-25,Male,San Esteban,Philippines,Product Engineer,rbowgenan@devhub.com
385,May,Kalb,1992-07-03,Female,Tân Hưng,Vietnam,Programmer III,mkalbao@prweb.com
386,Rainer,Boscott,1982-05-03,Male,Cicapar,Indonesia,Chemical Engineer,rboscottap@stanford.edu
387,Lida,Medwell,1995-08-22,Bigender,Walton,United Kingdom,Senior Developer,lmedwellaq@merriam-webster.com
388,Valentine,Currell,1973-12-27,Male,Chiscas,Colombia,Nurse,vcurrellar@wikipedia.org
389,Arleyne,Balke,1982-05-19,Female,Lincoln,Argentina,Recruiter,abalkeas@smugmug.com
390,Aymer,Slaymaker,1993-02-25,Genderqueer,Vacov,Czech Republic,Graphic Designer,aslaymakerat@google.com.br
391,Martie,Flatman,1982-03-21,Male,Shenji,China,Senior Sales Associate,mflatmanau@merriam-webster.com
392,Rora,Yurikov,1986-04-12,Female,Munka-Ljungby,Sweden,Help Desk Operator,ryurikovav@pcworld.com
393,Kent,Faier,1976-03-19,Male,Khānewāl,Pakistan,VP Sales,kfaieraw@lycos.com
394,Brnaba,Szantho,1978-01-21,Genderfluid,Molina,Chile,Physical Therapy Assistant,bszanthoax@marriott.com
395,Lory,MacKeague,1988-02-11,Female,Banghai,China,Business Systems Development Analyst,lmackeagueay@zimbio.com
396,Abagael,Puller,1973-08-23,Female,Pasadena,United States,Internal Auditor,apulleraz@sun.com
397,Ebba,Stockell,1975-04-06,Female,Gueset,Philippines,Executive Secretary,estockellb0@intel.com
398,Hercule,Mooreed,1983-05-15,Male,Gävle,Sweden,Assistant Manager,hmooreedb1@acquirethisname.com
399,Grethel,Airth,1996-04-01,Female,Jixing,China,Senior Developer,gairthb2@redcross.org
400,Susie,Van Niekerk,1992-07-10,Female,Līkak,Iran,Administrative Officer,svanniekerkb3@issuu.com
401,Giusto,Lohden,2001-11-13,Male,Värnamo,Sweden,Internal Auditor,glohdenb4@blogger.com
402,Tove,Craigheid,1971-06-01,Female,Strängnäs,Sweden,Director of Sales,tcraigheidb5@about.com
403,Romain,Beals,1996-11-26,Polygender,Walahir,Indonesia,Cost Accountant,rbealsb6@umich.edu
404,Terese,Eliet,1992-04-06,Female,Visconde do Rio Branco,Brazil,Geologist IV,telietb7@cisco.com
405,Anastasie,Aizikowitz,1971-11-25,Female,Longxi,China,Actuary,aaizikowitzb8@clickbank.net
406,Joby,Gorrissen,1980-08-02,Female,Bali,Cameroon,Registered Nurse,jgorrissenb9@sitemeter.com
407,Ginger,MacNeilly,1974-06-03,Male,Wukari,Nigeria,Research Assistant II,gmacneillyba@mapy.cz
408,Mellie,Di Filippo,1980-12-22,Female,Porto Velho,Brazil,Geologist II,mdifilippobb@spiegel.de
409,Pavel,Szymanowicz,1991-09-03,Male,Pluak Daeng,Thailand,Chemical Engineer,pszymanowiczbc@chicagotribune.com
410,Sheelagh,Kelly,2002-09-08,Female,Turkestan,Kazakhstan,Graphic Designer,skellybd@nationalgeographic.com
411,Verla,Gadesby,1972-03-13,Genderfluid,Wodzierady,Poland,Web Designer II,vgadesbybe@stanford.edu
412,Spike,Langsbury,1995-03-23,Male,Balrothery,Ireland,Quality Control Specialist,
413,Noami,Le Claire,1989-07-01,Non-binary,Wińsko,Poland,Accounting Assistant II,nleclairebg@homestead.com
414,Francisca,Drust,1974-04-17,Female,Fonte do Feto,Portugal,Software Engineer III,fdrustbh@tumblr.com
415,Agathe,Moreland,1983-03-30,Female,Sinazongwe,Zambia,VP Product Management,amorelandbi@npr.org
416,Cele,Longmire,1986-09-07,Non-binary,Bebedouro,Brazil,Senior Developer,clongmirebj@webmd.com
417,Meriel,Melmeth,1973-05-20,Female,Bol’shoye Skuratovo,Russia,Administrative Officer,
418,Mufi,Inkster,1976-12-14,Female,Panjing,China,Computer Systems Analyst II,minksterbl@time.com
419,Wilbur,Gaitskill,1992-01-08,Male,Hammarö,Sweden,Assistant Professor,wgaitskillbm@washington.edu
420,Danica,Brayne,1975-07-11,Genderfluid,Longping,China,Nurse Practicioner,dbraynebn@yahoo.com
421,Galven,Arckoll,1984-04-02,Male,Ebaye,Marshall Islands,Pharmacist,garckollbo@typepad.com
422,Albrecht,Thiolier,1981-12-16,Male,Yanhong,China,Research Nurse,athiolierbp@globo.com
423,Elisabet,Crinidge,1985-02-27,Female,Porteirinha,Brazil,Compensation Analyst,
424,Clevey,Vowles,1971-10-07,Male,Nikol’sk,Russia,Clinical Specialist,cvowlesbr@craigslist.org
425,Chere,Basil,2002-06-04,Female,Tapan,Indonesia,Staff Accountant IV,
426,Hartley,Coldman,1997-06-08,Male,Sasovo,Russia,Geologist IV,hcoldmanbt@buzzfeed.com
427,Elijah,Lown,1980-10-24,Male,Perené,Peru,Programmer Analyst IV,
428,Christophe,Lawday,1998-06-10,Male,Nubl,Syria,Marketing Assistant,
429,Isis,Hammonds,1980-08-19,Female,Limushan,China,Desktop Support Technician,
430,Neille,Lettice,1991-03-07,Female,Araçoiaba da Serra,Brazil,Senior Editor,
431,Rheta,Sumpton,1985-08-16,Female,Bartsrashen,Armenia,Chief Design Engineer,
432,Chrisy,Coggles,2002-01-28,Genderqueer,Terawas,Indonesia,Executive Secretary,
433,Dael,D'Avaux,1974-01-26,Female,Santo Isidro,Portugal,Technical Writer,
434,Dore,Shutle,1980-07-12,Female,Il’inskiy Pogost,Russia,Data Coordiator,dshutlec1@hhs.gov
435,Zea,Lightollers,1988-01-26,Female,Saint Louis,United States,Assistant Manager,
436,Lyndel,Clemitt,1997-04-29,Female,Coruripe,Brazil,Clinical Specialist,lclemittc3@yellowbook.com
437,Rudie,Week,1990-11-04,Male,Burgos,Philippines,Quality Control Specialist,
438,Olivie,Bethel,1975-08-07,Female,Hwawŏn,South Korea,Office Assistant I,obethelc5@chronoengine.com
439,Dorey,Mould,2000-03-22,Agender,Guayaramerín,Bolivia,Information Systems Manager,dmouldc6@chicagotribune.com
440,Hall,Mergue,1980-03-01,Male,Šumice,Czech Republic,Nuclear Power Engineer,hmerguec7@instagram.com
441,Crosby,Coates,1992-08-16,Male,Rochester,United States,Research Associate,
442,Garrot,Worrell,1982-07-14,Male,Dongxi,China,Human Resources Assistant I,
443,Denny,Pre,1995-11-18,Female,Gayamsari,Indonesia,GIS Technical Architect,
444,Mirelle,Van Velden,1998-06-18,Female,Donggong,China,Help Desk Technician,
445,Eugenius,Houlston,1991-03-03,Male,Pasarkuok,Indonesia,Research Associate,ehoulstoncc@facebook.com
446,Berny,Crippes,1976-08-12,Male,Lublin,Poland,Pharmacist,bcrippescd@people.com.cn
447,Jocelin,Feldstein,1984-04-22,Female,Quận Bốn,Vietnam,Cost Accountant,jfeldsteince@seesaa.net
448,Karita,Limerick,2000-10-26,Female,Wąsosz,Poland,Junior Executive,klimerickcf@yolasite.com
449,Elnora,Doig,2000-08-17,Female,Tiguha,Philippines,Budget/Accounting Analyst III,edoigcg@timesonline.co.uk
450,Ernestine,Newarte,1997-10-30,Female,Arujá,Brazil,Project Manager,enewartech@parallels.com
451,Luis,Knocker,1977-10-02,Male,Nacaome,Honduras,Compensation Analyst,lknockerci@mac.com
452,Robbert,Atwool,1981-09-08,Male,Trélazé,France,Engineer III,ratwoolcj@examiner.com
453,Cherianne,Tavinor,1975-07-27,Female,Lavezares,Philippines,Design Engineer,ctavinorck@parallels.com
454,Boonie,Farbrother,1976-03-11,Male,Sambongpari,Indonesia,Food Chemist,
455,Maudie,Poulglais,1977-09-22,Female,Palocabildo,Colombia,Quality Control Specialist,mpoulglaiscm@adobe.com
456,Jaimie,Scrafton,1997-05-17,Male,Taoyuan,China,Cost Accountant,jscraftoncn@omniture.com
457,Adena,Brocklesby,1975-12-02,Female,Medzhibozh,Ukraine,Biostatistician II,abrocklesbyco@google.pl
458,Lauren,Sowthcote,1978-11-24,Female,San Antonio,United States,Research Associate,lsowthcotecp@huffingtonpost.com
459,Thatcher,Maine,1992-09-30,Agender,Dachnoye,Russia,Sales Representative,tmainecq@so-net.ne.jp
460,Devinne,Brabyn,1978-11-14,Female,Kikinda,Serbia,Director of Sales,dbrabyncr@shinystat.com
461,Kermie,Sedgebeer,1988-05-13,Male,Aranitas,Albania,Analog Circuit Design manager,ksedgebeercs@cbsnews.com
462,Ingram,Omond,1992-06-12,Male,Sharīfābād,Iran,Marketing Manager,iomondct@comcast.net
463,Mellisa,MacCallion,1982-02-09,Female,Matabao,Philippines,Design Engineer,mmaccallioncu@taobao.com
464,Morgan,Bownass,1991-08-22,Male,Hal’shany,Belarus,Analog Circuit Design manager,mbownasscv@bandcamp.com
465,Gino,Youthed,1976-07-17,Male,Tirlyanskiy,Russia,Payment Adjustment Coordinator,gyouthedcw@hubpages.com
466,Damon,Jersch,1981-12-02,Male,Reisjärvi,Finland,Senior Sales Associate,djerschcx@jiathis.com
467,Tandie,Honack,1984-04-12,Female,Yeshan,China,Senior Sales Associate,thonackcy@samsung.com
468,Rodrigo,Harkess,1993-09-24,Male,Xihu,China,Clinical Specialist,rharkesscz@upenn.edu
469,Marcellus,Keyser,1995-02-09,Male,Hali,China,Mechanical Systems Engineer,
470,Priscella,Heinreich,2001-02-05,Bigender,Staronizhestebliyevskaya,Russia,Software Test Engineer I,pheinreichd1@a8.net
471,Noelle,Chedgey,1989-11-17,Female,Cognac,France,Project Manager,
472,Stormie,Harroway,1993-09-09,Agender,Sundawenang,Indonesia,Graphic Designer,sharrowayd3@last.fm
473,Rickard,Kahler,1989-02-05,Male,Panoongan,Indonesia,Food Chemist,rkahlerd4@cbsnews.com
474,Silvanus,MacComiskey,1987-05-11,Male,Sieroszewice,Poland,Nuclear Power Engineer,smaccomiskeyd5@blogspot.com
475,Albina,Lark,1989-01-01,Female,Zhongxin,China,Social Worker,
476,Trueman,Sewall,1998-10-29,Male,Lappi,Finland,Senior Cost Accountant,tsewalld7@unesco.org
477,Junette,Selby,1981-07-23,Agender,Karátoulas,Greece,Associate Professor,jselbyd8@indiegogo.com
478,Erna,Ivery,1996-06-14,Female,Houyu,China,Web Designer I,eiveryd9@arizona.edu
479,Gregorius,Banyard,1973-01-15,Male,Santa Tecla,El Salvador,Media Manager III,gbanyardda@etsy.com
480,Marla,Scherme,1981-07-12,Bigender,Żarów,Poland,Information Systems Manager,mschermedb@ted.com
481,Gilbertine,Arnold,1996-09-15,Female,Staraya Kulatka,Russia,Web Developer IV,garnolddc@huffingtonpost.com
482,Darya,Longshaw,1974-10-24,Female,Mancilang,Philippines,Environmental Specialist,dlongshawdd@arizona.edu
483,Danyette,Reddoch,1996-05-21,Female,Uitenhage,South Africa,Programmer III,dreddochde@woothemes.com
484,Tim,Penhaligon,1984-10-21,Male,Yeoju,South Korea,Librarian,tpenhaligondf@ucoz.ru
485,Zia,Hirsch,1970-07-23,Female,Gushui,China,Community Outreach Specialist,zhirschdg@google.de
486,Humphrey,Frederick,1982-07-21,Male,Sūrān,Iran,Information Systems Manager,
487,Cosme,Mushrow,1991-03-13,Male,Riverton,New Zealand,Sales Associate,cmushrowdi@admin.ch
488,Symon,Dutton,1995-01-29,Male,Taoyuan,China,Associate Professor,sduttondj@booking.com
489,Jeff,Aartsen,1990-06-25,Male,Szczecin,Poland,Financial Analyst,jaartsendk@aol.com
490,Jarrett,Genney,1982-09-21,Male,Las Flores,Mexico,Staff Scientist,jgenneydl@chron.com
491,Araldo,Giacopelo,1970-02-26,Male,São Pedro da Aldeia,Brazil,Biostatistician II,
492,Cyril,Drysdall,1997-01-01,Male,Pigcawayan,Philippines,Web Designer II,cdrysdalldn@icio.us
493,Kaela,Hasel,1988-06-09,Genderfluid,Makato,Philippines,Safety Technician III,khaseldo@qq.com
494,Crista,Sandbrook,1984-10-17,Female,São Domingos do Maranhão,Brazil,Occupational Therapist,csandbrookdp@odnoklassniki.ru
495,Junie,Galer,1985-08-18,Female,Gaoling,China,Editor,jgalerdq@weather.com
496,Brandea,Dearell,1993-02-13,Female,Santa Cruz das Flores,Portugal,Occupational Therapist,bdearelldr@g.co
497,Ralph,Robertsson,1977-11-30,Male,Fenlu,China,Database Administrator III,rrobertssonds@home.pl
498,Kayne,Roddie,1984-04-28,Male,Wieniawa,Poland,Web Designer II,kroddiedt@surveymonkey.com
499,Grant,Gerrans,1978-02-03,Male,Bandungan Timur,Indonesia,Information Systems Manager,ggerransdu@state.gov
500,Delores,Bleakley,2002-10-24,Female,Kallífytos,Greece,Desktop Support Technician,dbleakleydv@ibm.com
